Date,Species_ID,Field_Site,Event,Event_True,Time_Point,Acclimation_Period,Treatment,Bucket,Base_Width,Base_Length,Base_Diagonal,Fv_Fm_1,Fv_Fm_2,Fv_Fm_3,Nb_Tentacles,Weight_Total_g,Weight_Tube_g,Weight_Tentacle_g,Green_Cells,Dino_Cells,Div_Green,Div_Dino,Feeding_Time_Min,Feeding_Time,Feeding_Start,Feeding_Stop,Photo_ID,Removed
10/21/2021,G1F,Foreshore,Acclimation,,,,30C,E,48.7,74.4,68.0,,,,,,,0,,,,,,,,,IMG_6060,
10/21/2021,G2F,Foreshore,Acclimation,,,,25C,C,71.6,61.4,63.0,,,,,,,0,,,,,,,,,IMG_6068,
10/21/2021,G3F,Foreshore,Acclimation,,,,30C,H,34.4,62.9,50.7,,,,,,,0,,,,,,,,,IMG_6074,
10/21/2021,G4F,Foreshore,Acclimation,,,,25C,D,70.5,67.6,74.5,,,,,,,0,,,,,,,,,IMG_6084,
10/21/2021,G5F,Foreshore,Acclimation,,,,25C,B,57.6,63.6,58.0,,,,,,,0,,,,,,,,,IMG_6058,
10/22/2021,G6F,Foreshore,Acclimation,,,,Control,L,64.7,89.9,92.0,,,,,,,0,,,,,,,,,IMG_6055,
10/22/2021,G7F,Foreshore,Acclimation,,,,Control,I,61.3,43.1,57.0,,,,,,,0,,,,,,,,,IMG_6093,
10/22/2021,G8F,Foreshore,Acclimation,,,,Control,L,71.7,40.2,67.0,,,,,,,0,,,,,,,,,IMG_6062,
10/22/2021,G9F,Foreshore,Acclimation,,,,25C,C,48.8,68.0,62.1,,,,,,,0,,,,,,,,,IMG_6076,
10/22/2021,G10F,Foreshore,Acclimation,,,,Control,K,62.6,76.8,70.2,,,,,,,0,,,,,,,,,IMG_6080,
10/22/2021,G11F,Foreshore,Acclimation,,,,30C,H,71.2,63.0,66.2,,,,,,,0,,,,,,,,,IMG_6091,
10/22/2021,G12F,Foreshore,Acclimation,,,,Control,K,65.7,60.7,84.9,,,,,,,0,,,,,,,,,IMG_6108,
10/22/2021,G13F,Foreshore,Acclimation,,,,30C,H,64.3,53.6,50.9,,,,,,,0,,,,,,,,,IMG_6066,
10/22/2021,G14F,Foreshore,Acclimation,,,,25C,A,50.8,62.7,68.0,,,,,,,0,,,,,,,,,IMG_6070,
10/23/2021,G15S,Scotts,Acclimation,,,,30C,E,54.8,65.8,58.5,,,,,,,0,,,,,,,,,IMG_6078,
10/23/2021,G16S,Scotts,Acclimation,,,,Control,J,40.4,45.3,50.0,,,,,,,0,,,,,,,,,IMG_6088,
10/23/2021,G17S,Scotts,Acclimation,,,,Control,I,38.8,44.3,44.0,,,,,,,0,,,,,,,,,IMG_6086,
10/23/2021,G18S,Scotts,Acclimation,,,,30C,G,54.2,42.5,49.7,,,,,,,0,,,,,,,,,IMG_6077,
10/23/2021,G19S,Scotts,Acclimation,,,,30C,F,61.7,59.8,64.6,,,,,,,0,,,,,,,,,IMG_6083,
10/23/2021,G20S,Scotts,Acclimation,,,,Control,K,34.0,48.5,37.2,,,,,,,0,,,,,,,,,IMG_6072,
10/23/2021,G21S,Scotts,Acclimation,,,,25C,A,52.4,42.1,42.2,,,,,,,0,,,,,,,,,IMG_6081,
10/23/2021,G22S,Scotts,Acclimation,,,,25C,D,62.7,42.8,45.5,,,,,,,0,,,,,,,,,IMG_6059,
10/23/2021,G23S,Scotts,Acclimation,,,,25C,B,57.2,37.7,65.4,,,,,,,0,,,,,,,,,IMG_6064,
10/25/2021,G2F,Foreshore,Acclimation,,,,25C,C,,,,0.573,,,,,,0,,,,,,,,,,
10/25/2021,G3F,Foreshore,Acclimation,,,,30C,H,,,,0.56,,,,,,0,,,,,,,,,,
10/25/2021,G23S,Scotts,Acclimation,,,,25C,B,,,,0.193,,,,,,0,,,,,,,,,,
10/25/2021,G20S,Scotts,Acclimation,,,,Control,K,,,,0.236,,,,,,0,,,,,,,,,,
10/25/2021,G4F,Foreshore,Acclimation,,,,25C,D,,,,0.519,,,,,,0,,,,,,,,,,
10/25/2021,G5F,Foreshore,Acclimation,,,,25C,B,,,,0.478,,,,,,0,,,,,,,,,,
10/25/2021,G1F,Foreshore,Acclimation,,,,30C,E,,,,0.591,,,,,,0,,,,,,,,,,
10/25/2021,G6F,Foreshore,Acclimation,,,,Control,L,,,,0.622,,,,,,0,,,,,,,,,,
10/25/2021,G11F,Foreshore,Acclimation,,,,30C,H,,,,0.474,,,,,,0,,,,,,,,,,
10/25/2021,G13F,Foreshore,Acclimation,,,,30C,H,,,,0.523,,,,,,0,,,,,,,,,,
10/25/2021,G10F,Foreshore,Acclimation,,,,Control,K,,,,0.458,,,,,,0,,,,,,,,,,
10/25/2021,G8F,Foreshore,Acclimation,,,,Control,L,,,,0.448,,,,,,0,,,,,,,,,,
10/25/2021,G9F,Foreshore,Acclimation,,,,25C,C,,,,0.391,,,,,,0,,,,,,,,,,
10/25/2021,G12F,Foreshore,Acclimation,,,,Control,K,,,,0.496,,,,,,0,,,,,,,,,,
10/25/2021,G21S,Scotts,Acclimation,,,,25C,A,,,,0.064,,,,,,0,,,,,,,,,,
10/25/2021,G17S,Scotts,Acclimation,,,,Control,I,,,,0.445,,,,,,0,,,,,,,,,,
10/25/2021,G15S,Scotts,Acclimation,,,,30C,E,,,,0.203,,,,,,0,,,,,,,,,,
10/25/2021,G22S,Scotts,Acclimation,,,,25C,D,,,,0.022,,,,,,0,,,,,,,,,,
10/25/2021,G16S,Scotts,Acclimation,,,,Control,J,,,,0.467,,,,,,0,,,,,,,,,,
10/25/2021,G19S,Scotts,Acclimation,,,,30C,F,,,,0.487,,,,,,0,,,,,,,,,,
10/26/2021,G24S,Scotts,Acclimation,,,,30C,F,32.5,30.5,30.4,,,,,,,0,,,,,,,,,IMG_6082,
10/26/2021,G25S,Scotts,Acclimation,,,,Control,J,37.4,44.5,39.3,,,,,,,0,,,,,,,,,IMG_6063,
10/26/2021,G26S,Scotts,Acclimation,,,,25C,C,58.3,64.2,59.0,,,,,,,0,,,,,,,,,IMG_6067,
10/28/2021,G4F,Foreshore,Acclimation,,,,25C,D,,,,0.488,0.513,0.292,,,,0,,,,,3.62,3:37:00,7:43:00,11:20:00,,
10/28/2021,G6F,Foreshore,Acclimation,,,,Control,L,,,,0.461,0.567,0.579,,,,0,,,,,4.25,4:15:00,12:32:00,16:47:00,,
10/28/2021,G13F,Scotts,Acclimation,,,,30C,H,,,,0.465,0.467,0.456,,,,0,,,,,15.77,15:46:00,29:03:00,44:49:00,,
10/28/2021,G17S,Scotts,Acclimation,,,,Control,I,,,,0.459,0.371,0.389,,,,0,,,,,23.08,23:05:00,3:20:00,26:25:00,,
10/28/2021,G22S,Scotts,Acclimation,,,,25C,D,,,,0.036,0.009,0.036,,,,0,,,,,46.28,46:17:00,14:36:00,60:53:00,,
10/28/2021,G23S,Scotts,Acclimation,,,,25C,B,,,,0.284,0.376,0.121,,,,0,,,,,,,,,,
10/28/2021,G16S,Scotts,Acclimation,,,,Control,J,,,,0.623,0.572,0.576,,,,0,,,,,,,,,,
10/28/2021,G15S,Scotts,Acclimation,,,,30C,E,,,,0.401,0.032,0.31,,,,0,,,,,,,,,,
10/28/2021,G14F,Foreshore,Acclimation,,,,25C,A,,,,0.549,0.532,0.451,,,,0,,,,,,,,,,
10/28/2021,G19S,Scotts,Acclimation,,,,30C,F,,,,0.55,0.499,0.4,,,,0,,,,,,,,,,
10/28/2021,G3F,Foreshore,Acclimation,,,,30C,H,,,,0.467,0.413,0.531,,,,0,,,,,,,,,,
10/28/2021,G9F,Foreshore,Acclimation,,,,25C,C,,,,0.467,0.382,0.509,,,,0,,,,,,,,,,
10/28/2021,G18S,Scotts,Acclimation,,,,30C,G,,,,0.321,0.592,0.532,,,,0,,,,,,,,,,
10/28/2021,G7F,Foreshore,Acclimation,,,,Control,I,,,,0.551,0.545,0.507,,,,0,,,,,,,,,,
10/28/2021,G10F,Foreshore,Acclimation,,,,Control,K,,,,0.491,0.512,0.517,,,,0,,,,,,,,,,
10/28/2021,G11F,Foreshore,Acclimation,,,,30C,H,,,,0.575,0.497,0.558,,,,0,,,,,,,,,,
10/28/2021,G26S,Scotts,Acclimation,,,,25C,C,,,,0.436,0.47,0.346,,,,0,,,,,,,,,,
10/28/2021,G2F,Foreshore,Acclimation,,,,25C,C,,,,0.431,0.442,0.52,,,,0,,,,,,,,,,
10/28/2021,G20S,Scotts,Acclimation,,,,Control,K,,,,0.148,0.057,0.159,,,,0,,,,,,,,,,
10/28/2021,G24S,Scotts,Acclimation,,,,30C,F,,,,0.339,0.42,0.359,,,,0,,,,,,,,,,
10/28/2021,G21S,Scotts,Acclimation,,,,25C,A,,,,0.092,0.137,0.028,,,,0,,,,,,,,,,
10/28/2021,G25S,Scotts,Acclimation,,,,Control,J,,,,0.175,0.297,0.204,,,,0,,,,,,,,,,
10/28/2021,G5F,Foreshore,Acclimation,,,,25C,B,,,,0.545,0.559,0.583,,,,0,,,,,,,,,,
10/28/2021,G12F,Foreshore,Acclimation,,,,Control,K,,,,0.415,0.442,0.311,,,,0,,,,,,,,,,
10/28/2021,G1F,Foreshore,Acclimation,,,,30C,E,,,,0.547,0.438,0.168,,,,0,,,,,,,,,,
10/28/2021,G8F,Foreshore,Acclimation,,,,Control,L,,,,0.167,0.469,0.304,,,,0,,,,,,,,,,
10/29/2021,G15S,Scotts,Acclimation,,,,30C,E,,,,,,,,,,0,,,,,2.78,2:47:00,0:00:00,2:47:00,,
10/30/2021,G27B,Bluestone,Acclimation,,,,Control,I,41.5,49.7,44.5,,,,,,,0,,,,,,,,,IMG_6095,
10/30/2021,G28B,Bluestone,Acclimation,,,,25C,B,41.1,36.2,33.0,,,,,,,0,,,,,,,,,,
10/30/2021,G29B,Bluestone,Acclimation,,,,Control,J,25.1,31.0,29.2,,,,,,,0,,,,,,,,,IMG_6092,
10/30/2021,G30B,Bluestone,Acclimation,,,,Control,L,44.5,40.0,49.0,,,,,,,0,,,,,,,,,IMG_6100,
10/30/2021,G31B,Bluestone,Acclimation,,,,30C,G,50.3,27.0,36.3,,,,,,,0,,,,,,,,,IMG_6104,
10/30/2021,G32B,Bluestone,Acclimation,,,,,,,,,,,,,,,0,,,,,,,,,IMG_6746,Yes
10/30/2021,G33B,Bluestone,Acclimation,,,,,,,,,,,,,,,0,,,,,,,,,IMG_6106,Yes
10/30/2021,G34B,Bluestone,Acclimation,,,,25C,A,53.7,38.2,42.3,,,,,,,0,,,,,,,,,IMG_6099,
10/30/2021,G35B,Bluestone,Acclimation,,,,25C,D,50.6,39.1,47.3,,,,,,,0,,,,,,,,,IMG_6096,
10/30/2021,G36B,Bluestone,Acclimation,,,,30C,G,63.2,26.1,49.1,,,,,,,0,,,,,,,,,IMG_6098,
10/30/2021,G37B,Bluestone,Acclimation,,,,30C,E,36.0,50.4,45.5,,,,,,,0,,,,,,,,,IMG_6102,
10/30/2021,G38B,Bluestone,Acclimation,,,,30C,F,130,68.6,96.2,,,,,,,0,,,,,,,,,IMG_6110,
10/31/2021,G1F,Foreshore,Acclimation,,,,30C,E,74.4,48.7,68.0,,,,2,2.7263,2.7076,0.0187,122.7,0.7,21.0,0.0,,,,,,
10/31/2021,G2F,Foreshore,Acclimation,,,,25C,C,61.4,71.6,63.0,,,,,,,0,,,,,,,,,,
10/31/2021,G3F,Foreshore,Acclimation,,,,30C,H,62.9,34.4,50.7,,,,,,,0,,,,,,,,,,
10/31/2021,G4F,Foreshore,Acclimation,,,,25C,D,67.6,70.5,74.5,,,,,,,0,,,,,,,,,,
10/31/2021,G5F,Foreshore,Acclimation,,,,25C,B,63.6,57.6,58.0,,,,,,,0,,,,,,,,,,
10/31/2021,G6F,Foreshore,Acclimation,,,,Control,L,89.9,64.7,92.0,,,,,,,0,,,,,,,,,,
10/31/2021,G7F,Foreshore,Acclimation,,,,Control,I,43.1,61.3,57.0,,,,,,,0,,,,,,,,,,
10/31/2021,G8F,Foreshore,Acclimation,,,,Control,L,40.2,71.7,67.0,,,,,,,0,,,,,,,,,,
10/31/2021,G9F,Foreshore,Acclimation,,,,25C,C,68.0,48.8,62.1,,,,,,,0,,,,,,,,,,
10/31/2021,G10F,Foreshore,Acclimation,,,,Control,K,76.8,62.6,70.2,,,,2,2.723,2.7036,0.0194,2.0,47.0,0.0,0.3,,,,,,
10/31/2021,G11F,Foreshore,Acclimation,,,,30C,H,63.0,71.2,66.2,,,,,,,0,,,,,,,,,,
10/31/2021,G12F,Foreshore,Acclimation,,,,Control,K,60.7,65.7,84.9,,,,1,2.7334,2.6889,0.0445,216.7,0.7,38.3,0.0,,,,,,
10/31/2021,G13F,Foreshore,Acclimation,,,,30C,H,53.6,64.3,50.9,,,,,,,0,,,,,,,,,,
10/31/2021,G14F,Foreshore,Acclimation,,,,25C,A,62.7,50.8,68.0,,,,,,,0,,,,,,,,,,
10/31/2021,G15S,Scotts,Acclimation,,,,30C,E,65.8,54.8,58.5,,,,,,,0,,,,,,,,,,
10/31/2021,G16S,Scotts,Acclimation,,,,Control,J,45.3,40.4,50.0,,,,,,,0,,,,,,,,,,
10/31/2021,G17S,Scotts,Acclimation,,,,Control,I,44.3,38.8,44.0,,,,,,,0,,,,,,,,,,
10/31/2021,G18S,Scotts,Acclimation,,,,30C,G,42.5,54.2,49.7,,,,,,,0,,,,,,,,,,
10/31/2021,G19S,Scotts,Acclimation,,,,30C,F,59.8,61.7,64.6,,,,,,,0,,,,,,,,,,
10/31/2021,G20S,Scotts,Acclimation,,,,Control,K,48.5,34.0,37.2,,,,2,2.7215,2.6949,0.0266,2.0,9.3,0.0,0.0,,,,,,
10/31/2021,G21S,Scotts,Acclimation,,,,25C,A,42.1,52.4,42.2,,,,,,,0,,,,,,,,,,
10/31/2021,G22S,Scotts,Acclimation,,,,25C,D,42.8,62.7,45.5,,,,,,,0,,,,,,,,,,
10/31/2021,G23S,Scotts,Acclimation,,,,25C,B,37.7,57.2,65.4,,,,,,,0,,,,,,,,,,
10/31/2021,G24S,Scotts,Acclimation,,,,30C,F,30.5,32.5,30.4,,,,2,2.6998,2.6828,0.017,0.0,9.0,0.0,0.0,,,,,,
10/31/2021,G25S,Scotts,Acclimation,,,,Control,J,44.5,37.4,39.3,,,,,,,0,,,,,,,,,,
10/31/2021,G26S,Scotts,Acclimation,,,,25C,C,64.2,58.3,59.0,,,,2,2.6963,2.678,0.0183,0.0,13.3,0.0,0.0,,,,,,
10/31/2021,G27B,Bluestone,Acclimation,,,,Control,I,49.7,41.5,44.5,,,,2,2.7163,2.6773,0.039,0.0,52.0,0.0,0.3,,,,,,
10/31/2021,G28B,Bluestone,Acclimation,,,,25C,B,36.2,41.1,33.0,,,,,,,0,,,,,,,,,,
10/31/2021,G29B,Bluestone,Acclimation,,,,Control,J,31.0,25.1,29.2,,,,,,,0,,,,,,,,,,
10/31/2021,G30B,Bluestone,Acclimation,,,,Control,L,40.0,44.5,49.0,,,,,,,0,,,,,,,,,,
10/31/2021,G31B,Bluestone,Acclimation,,,,30C,G,27.0,50.3,36.3,,,,,,,0,,,,,,,,,,
10/31/2021,G34B,Bluestone,Acclimation,,,,25C,A,38.2,53.7,42.3,,,,,,,0,,,,,,,,,,
10/31/2021,G35B,Bluestone,Acclimation,,,,25C,D,39.1,50.6,47.3,,,,,,,0,,,,,,,,,,
10/31/2021,G36B,Bluestone,Acclimation,,,,30C,G,26.1,63.2,49.1,,,,,,,0,,,,,,,,,,
10/31/2021,G37B,Bluestone,Acclimation,,,,30C,E,50.4,36.0,45.5,,,,2,2.7171,2.7019,0.0152,146.7,2.0,30.7,0.0,,,,,,
10/31/2021,G38B,Bluestone,Acclimation,,,,30C,F,68.6,130,96.2,,,,,,,0,,,,,,,,,,
11/1/2021,G4F,Foreshore,Acclimation,,1,,25C,D,,,,,,,,,,0,,,,,6.07,6:04:00,8:32:00,14:36:00,,
11/1/2021,G6F,Foreshore,Acclimation,,1,,Control,L,,,,,,,,,,0,,,,,6.85,6:51:00,34:57:00,41:48:00,,
11/1/2021,G13F,Scotts,Acclimation,,1,,30C,H,,,,,,,,,,0,,,,,5.72,5:43:00,21:44:00,27:27:00,,
11/1/2021,G15S,Scotts,Acclimation,,1,,30C,E,,,,,,,,,,0,,,,,4.58,4:35:00,30:32:00,35:07:00,,
11/1/2021,G17S,Scotts,Acclimation,,1,,Control,I,,,,,,,,,,0,,,,,,,,,,
11/1/2021,G22S,Scotts,Acclimation,,1,,25C,D,,,,,,,,,,0,,,,,17.98,17:59:00,28:15:00,46:14:00,,
11/1/2021,G23S,Scotts,Acclimation,,1,,25C,B,,,,,,,,,,0,,,,,7.60,7:36:00,4:42:00,12:18:00,,
11/1/2021,G30B,Bluestone,Acclimation,,1,,Control,L,,,,,,,,,,0,,,,,1.23,1:14:00,29:35:00,30:49:00,,
11/1/2021,G36B,Bluestone,Acclimation,,1,,30C,G,,,,,,,,,,0,,,,,9.37,9:22:00,23:00:00,32:22:00,,
11/1/2021,G38B,Bluestone,Acclimation,,1,,30C,F,,,,,,,,,,0,,,,,1.68,1:41:00,17:47:00,19:28:00,,
11/1/2021,G21S,Scotts,Acclimation,,1,,25C,A,,,,0.048,0.52,0.047,,,,0,,,,,,,,,,
11/1/2021,G34B,Bluestone,Acclimation,,1,,25C,A,,,,0.119,0.075,0.058,,,,0,,,,,,,,,,
11/1/2021,G6F,Foreshore,Acclimation,,1,,Control,L,,,,0.564,0.464,0.53,,,,0,,,,,,,,,,
11/1/2021,G22S,Scotts,Acclimation,,1,,25C,D,,,,0.037,0.058,0.049,,,,0,,,,,,,,,,
11/1/2021,G33B,Bluestone,Acclimation,,1,,,,,,,0.152,0.15,0.055,,,,0,,,,,,,,,,
11/1/2021,G31B,Bluestone,Acclimation,,1,,30C,G,,,,0.344,0.055,0.307,,,,0,,,,,,,,,,
11/1/2021,G32B,Bluestone,Acclimation,,1,,,,,,,0.621,0.496,0.448,,,,0,,,,,,,,,,
11/1/2021,G35B,Bluestone,Acclimation,,1,,25C,D,,,,0.414,0.506,0.512,,,,0,,,,,,,,,,
11/1/2021,G11F,Foreshore,Acclimation,,1,,30C,H,,,,0.56,0.537,0.352,,,,0,,,,,,,,,,
11/1/2021,G38B,Bluestone,Acclimation,,1,,30C,F,,,,0.571,0.529,0.624,,,,0,,,,,,,,,,
11/1/2021,G26S,Scotts,Acclimation,,1,,25C,C,,,,0.072,0.32,0.036,,,,0,,,,,,,,,,
11/1/2021,G1F,Foreshore,Acclimation,,1,,30C,E,,,,0.531,0.535,0.574,,,,0,,,,,,,,,,
11/1/2021,G18S,Scotts,Acclimation,,1,,30C,G,,,,0.42,0.418,0.53,,,,0,,,,,,,,,,
11/1/2021,G14F,Foreshore,Acclimation,,1,,25C,A,,,,0.518,0.551,0.374,,,,0,,,,,,,,,,
11/1/2021,G25S,Scotts,Acclimation,,1,,Control,J,,,,0.319,0.278,0.324,,,,0,,,,,,,,,,
11/1/2021,G8F,Foreshore,Acclimation,,1,,Control,L,,,,0.547,0.498,0.394,,,,0,,,,,,,,,,
11/1/2021,G30B,Bluestone,Acclimation,,1,,Control,L,,,,0.336,0.359,0.311,,,,0,,,,,,,,,,
11/1/2021,G23S,Scotts,Acclimation,,1,,25C,B,,,,0.147,0.106,0.322,,,,0,,,,,,,,,,
11/1/2021,G4F,Foreshore,Acclimation,,1,,25C,D,,,,0.422,0.457,0.481,,,,0,,,,,,,,,,
11/1/2021,G24S,Scotts,Acclimation,,1,,30C,F,,,,0.474,0.446,0.431,,,,0,,,,,,,,,,
11/1/2021,G17S,Scotts,Acclimation,,1,,Control,I,,,,0.438,0.508,0.488,,,,0,,,,,,,,,,
11/1/2021,G9F,Foreshore,Acclimation,,1,,25C,C,,,,0.452,0.447,0.48,,,,0,,,,,,,,,,
11/1/2021,G19S,Scotts,Acclimation,,1,,30C,F,,,,0.53,0.495,0.542,,,,0,,,,,,,,,,
11/1/2021,G16S,Scotts,Acclimation,,1,,Control,J,,,,0.568,0.619,0.574,,,,0,,,,,,,,,,
11/1/2021,G29B,Bluestone,Acclimation,,1,,Control,J,,,,0.54,0.533,0.496,,,,0,,,,,,,,,,
11/1/2021,G37B,Bluestone,Acclimation,,1,,30C,E,,,,0.594,0.616,0.625,,,,0,,,,,,,,,,
11/1/2021,G7F,Foreshore,Acclimation,,1,,Control,I,,,,0.596,0.52,0.605,,,,0,,,,,,,,,,
11/1/2021,G20S,Scotts,Acclimation,,1,,Control,K,,,,0.227,0.157,0.161,,,,0,,,,,,,,,,
11/1/2021,G2F,Foreshore,Acclimation,,1,,25C,C,,,,0.586,0.467,0.507,,,,0,,,,,,,,,,
11/1/2021,G36B,Bluestone,Acclimation,,1,,30C,G,,,,0.556,0.473,0.538,,,,0,,,,,,,,,,
11/1/2021,G15S,Scotts,Acclimation,,1,,30C,E,,,,0.458,0.273,0.45,,,,0,,,,,,,,,,
11/1/2021,G10F,Foreshore,Acclimation,,1,,Control,K,,,,0.464,0.473,0.464,,,,0,,,,,,,,,,
11/1/2021,G27B,Bluestone,Acclimation,,1,,Control,I,,,,0.515,0.523,0.518,,,,0,,,,,,,,,,
11/1/2021,G12F,Foreshore,Acclimation,,1,,Control,K,,,,0.519,0.607,0.521,,,,0,,,,,,,,,,
11/1/2021,G5F,Foreshore,Acclimation,,1,,25C,B,,,,0.515,0.512,0.547,,,,0,,,,,,,,,,
11/1/2021,G28B,Bluestone,Acclimation,,1,,25C,B,,,,0.082,0.041,0.052,,,,0,,,,,,,,,,
11/1/2021,G3F,Foreshore,Acclimation,,1,,30C,H,,,,0.424,0.492,0.586,,,,0,,,,,,,,,,
11/1/2021,G13F,Foreshore,Acclimation,,1,,30C,H,,,,0.462,0.355,0.516,,,,0,,,,,,,,,,
11/5/2021,G4F,Foreshore,Acclimation,,2,15,25C,D,63.8,67.0,65.2,,,,,1.7403,1.7046,0.0357,6.0,36.3,0.0,1.0,0.52,0:31:00,8:09:00,8:40:00,,
11/5/2021,G6F,Foreshore,Acclimation,,2,14,Control,L,71.6,97.0,99.4,,,,,,,0,,,,,0.42,0:25:00,12:40:00,13:05:00,,
11/5/2021,G13F,Scotts,Acclimation,,2,14,30C,H,58,69.6,67.4,,,,,1.7366,1.7142,0.0224,59.3,1.3,10.0,0.0,0.38,0:23:00,14:20:00,14:43:00,,
11/5/2021,G15S,Scotts,Acclimation,,2,13,30C,E,48.4,68.7,55.2,,,,1,1.758,1.7336,0.0244,9.7,1.3,0.7,0.0,,,,,,
11/5/2021,G17S,Scotts,Acclimation,,2,13,Control,I,35.3,49.2,42.1,,,,1,1.8075,1.797,0.0105,1.3,37.3,0.7,0.7,2.20,2:12:00,23:57:00,26:09:00,,
11/5/2021,G22S,Scotts,Acclimation,,2,13,25C,D,51.5,54.1,53.0,,,,1,1.7372,1.7105,0.0267,0.7,0.0,0.0,0.0,4.05,4:03:00,18:55:00,22:58:00,,
11/5/2021,G23S,Scotts,Acclimation,,2,13,25C,B,36.7,59.2,41.7,,,,2,1.7579,1.7264,0.0315,4.0,26.3,0.3,0.3,,,,,,
11/5/2021,G30B,Bluestone,Acclimation,,2,6,Control,L,46.7,44.4,44.3,,,,4,1.7439,1.6938,0.0501,50.7,17.0,0.7,0.3,0.28,0:17:00,25:37:00,25:54:00,,
11/5/2021,G36B,Bluestone,Acclimation,,2,6,30C,G,50.3,68.3,46.1,,,,,1.8087,1.7813,0.0274,0.0,48.0,0.0,0.7,1.40,1:24,16:43:00,18:07,,
11/5/2021,G38B,Bluestone,Acclimation,,2,6,30C,F,66.6,124.5,108.0,,,,2,2.0608,1.9634,0.0974,1159.3,33.3,232.7,0.0,0.65,0:39:00,6:00:00,6:39:00,,
11/5/2021,G1F,Foreshore,Acclimation,,2,15,30C,E,48.0,75.4,61.6,,,,1,1.8451,1.811,0.0341,111.3,0.0,31.0,0.0,,,,,,
11/5/2021,G2F,Foreshore,Acclimation,,2,15,25C,C,52.5,89.8,54.5,,,,1,1.6997,1.6696,0.0301,100.0,0.0,12.0,0.0,,,,,,
11/5/2021,G3F,Foreshore,Acclimation,,2,15,30C,H,33.3,76.2,44.5,,,,1,1.9315,1.8964,0.0351,87.7,46.7,15.0,2.3,,,,,,
11/5/2021,G5F,Foreshore,Acclimation,,2,15,25C,B,44.0,83.2,47.0,,,,1,1.8607,1.8179,0.0428,179.7,0.0,20.7,0.0,,,,,,
11/5/2021,G7F,Foreshore,Acclimation,,2,14,Control,I,46.9,60.1,60.1,,,,1,1.6997,1.6702,0.0295,66.3,1.0,14.7,0.0,,,,,,
11/5/2021,G8F,Foreshore,Acclimation,,2,14,Control,L,49.1,65.0,60.0,,,,1,1.8236,1.8016,0.022,108.0,0.0,17.3,0.0,,,,,,
11/5/2021,G9F,Foreshore,Acclimation,,2,14,25C,C,52.2,77.9,83.8,,,,2,1.6948,1.6545,0.0403,4.0,30.0,1.0,1.0,,,,,,
11/5/2021,G10F,Foreshore,Acclimation,,2,14,Control,K,52.2,67.6,,,,,2,1.7947,1.7531,0.0416,1.3,186.0,0.0,2.3,,,,,,
11/5/2021,G11F,Foreshore,Acclimation,,2,14,30C,H,69.2,59.0,65.1,,,,1,1.79,1.7559,0.0341,151.7,0.7,22.3,0.0,,,,,,
11/5/2021,G12F,Foreshore,Acclimation,,2,14,Control,K,55.1,65.3,81.2,,,,1,1.7171,1.683,0.0341,147.3,0.0,37.0,0.0,,,,,,
11/5/2021,G14F,Foreshore,Acclimation,,2,14,25C,A,47.7,57.7,49.9,,,,3,1.778,1.7248,0.0532,286.7,0.3,37.0,0.0,,,,,,
11/5/2021,G16S,Scotts,Acclimation,,2,13,Control,J,38.0,50.7,45.6,,,,1,1.8094,1.7922,0.0172,149.0,0.0,13.7,0.0,,,,,,
11/5/2021,G18S,Scotts,Acclimation,,2,13,30C,G,37.6,49.5,40.0,,,,1,1.7151,1.694,0.0211,17.7,2.7,3.7,0.3,,,,,,
11/5/2021,G19S,Scotts,Acclimation,,2,13,30C,F,59.2,64.0,63.3,,,,2,1.7093,1.6756,0.0337,11.0,143.7,18.0,0.7,,,,,,
11/5/2021,G20S,Scotts,Acclimation,,2,13,Control,K,32.1,46.4,40.9,,,,,,,0,,,,,,,,,,
11/5/2021,G21S,Scotts,Acclimation,,2,13,25C,A,35.1,31.7,36.2,,,,2,1.7256,1.705,0.0206,1.3,0.0,0.0,0.0,,,,,,
11/5/2021,G24S,Scotts,Acclimation,,2,10,30C,F,25.9,40.0,34.1,,,,3,1.7647,1.7207,0.044,0.7,19.0,0.7,1.0,,,,,,
11/5/2021,G25S,Scotts,Acclimation,,2,13,Control,J,38.6,40.5,55.9,,,,1,1.7512,1.7313,0.0199,0.0,17.0,0.0,0.3,,,,,,
11/5/2021,G26S,Scotts,Acclimation,,2,10,25C,C,58.0,57.2,66.0,,,,2,1.7185,1.6794,0.0391,0.0,13.3,0.0,2.0,,,,,,
11/5/2021,G27B,Bluestone,Acclimation,,2,6,Control,I,29.4,39.2,27.5,,,,3,1.8368,1.7833,0.0535,0.7,49.0,0.0,0.7,,,,,,
11/5/2021,G28B,Bluestone,Acclimation,,2,6,25C,B,34.8,51.0,27.9,,,,2,1.7822,1.7302,0.052,0.0,0.3,0.0,0.0,,,,,,
11/5/2021,G29B,Bluestone,Acclimation,,2,6,Control,J,27.1,37.3,33.6,,,,3,1.6751,1.6524,0.0227,1.3,22.0,0.3,0.7,,,,,,
11/5/2021,G31B,Bluestone,Acclimation,,2,6,30C,G,40.3,54.4,39.6,,,,,,,0,,,,,,,,,,
11/5/2021,G34B,Bluestone,Acclimation,,2,6,25C,A,45.3,40.9,36.8,,,,,,,0,,,,,,,,,,
11/5/2021,G35B,Bluestone,Acclimation,,2,6,25C,D,42.5,42.0,42.5,,,,,,,0,,,,,,,,,,
11/5/2021,G37B,Bluestone,Acclimation,,2,6,30C,E,41.2,40.3,47.5,,,,2,1.8384,1.7919,0.0465,411.3,3.3,58.0,0.0,,,,,,
11/6/2021,G7F,Foreshore,Pre-heat,Acclimation_End,3,14,Control,I,,,,0.454,0.609,0.555,,,,0,,,,,,,,,,
11/6/2021,G17S,Scotts,Pre-heat,Acclimation_End,3,13,Control,I,,,,0.424,0.376,0.441,,,,0,,,,,2.20,,,,,
11/6/2021,G27B,Bluestone,Pre-heat,Acclimation_End,3,6,Control,I,,,,0.511,0.521,0.496,,,,0,,,,,,,,,,
11/6/2021,G29B,Bluestone,Pre-heat,Acclimation_End,3,6,Control,J,,,,0.549,0.324,0.385,,,,0,,,,,,,,,,
11/6/2021,G16S,Scotts,Pre-heat,Acclimation_End,3,13,Control,J,,,,0.603,0.418,0.493,,,,0,,,,,,,,,,
11/6/2021,G25S,Scotts,Pre-heat,Acclimation_End,3,10,Control,J,,,,0.370,0.354,0.383,,,,0,,,,,,,,,,
11/6/2021,G12F,Foreshore,Pre-heat,Acclimation_End,3,14,Control,K,,,,0.552,0.496,0.422,,,,0,,,,,,,,,,
11/6/2021,G20S,Scotts,Pre-heat,Acclimation_End,3,13,Control,K,,,,0.145,0.108,0.174,,,,0,,,,,,,,,,
11/6/2021,G10F,Foreshore,Pre-heat,Acclimation_End,3,14,Control,K,,,,0.408,0.424,0.436,,,,0,,,,,,,,,,
11/6/2021,G8F,Foreshore,Pre-heat,Acclimation_End,3,14,Control,L,,,,0.559,0.452,0.394,,,,0,,,,,,,,,,
11/6/2021,G6F,Foreshore,Pre-heat,Acclimation_End,3,14,Control,L,,,,0.623,0.551,0.488,,,,0,,,,,0.42,,,,,
11/6/2021,G30B,Bluestone,Pre-heat,Acclimation_End,3,6,Control,L,,,,0.381,0.367,0.392,,,,0,,,,,0.65,,,,,
11/6/2021,G26S,Scotts,Pre-heat,Acclimation_End,3,10,25C,C,,,,0.140,0.130,0.067,,,,0,,,,,,,,,,
11/6/2021,G2F,Foreshore,Pre-heat,Acclimation_End,3,15,25C,C,,,,0.507,0.484,0.585,,,,0,,,,,,,,,,
11/6/2021,G9F,Foreshore,Pre-heat,Acclimation_End,3,14,25C,C,,,,0.463,0.296,0.477,,,,0,,,,,,,,,,
11/6/2021,G14F,Foreshore,Pre-heat,Acclimation_End,3,14,25C,A,,,,0.426,0.405,0.541,,,,0,,,,,,,,,,
11/6/2021,G21S,Scotts,Pre-heat,Acclimation_End,3,13,25C,A,,,,0.010,0.040,0.040,,,,0,,,,,,,,,,
11/6/2021,G34B,Bluestone,Pre-heat,Acclimation_End,3,6,25C,A,,,,0.105,0.069,0.069,,,,0,,,,,,,,,,
11/6/2021,G23S,Scotts,Pre-heat,Acclimation_End,3,13,25C,B,,,,0.086,0.195,0.114,,,,0,,,,,,,,,,
11/6/2021,G28B,Bluestone,Pre-heat,Acclimation_End,3,6,25C,B,,,,0.040,0.061,0.020,,,,0,,,,,,,,,,
11/6/2021,G5F,Foreshore,Pre-heat,Acclimation_End,3,15,25C,B,,,,0.533,0.456,0.470,,,,0,,,,,,,,,,
11/6/2021,G22S,Scotts,Pre-heat,Acclimation_End,3,13,25C,D,,,,0.059,0.050,0.040,,,,0,,,,,4.05,,,,,
11/6/2021,G35B,Bluestone,Pre-heat,Acclimation_End,3,6,25C,D,,,,0.479,0.465,0.554,,,,0,,,,,,,,,,
11/6/2021,G4F,Foreshore,Pre-heat,Acclimation_End,3,15,25C,D,,,,0.377,0.521,0.593,,,,0,,,,,0.52,,,,,
11/6/2021,G13F,Foreshore,Pre-heat,Acclimation_End,3,14,30C,H,,,,0.470,0.446,0.573,,,,0,,,,,0.38,,,,,
11/6/2021,G3F,Foreshore,Pre-heat,Acclimation_End,3,15,30C,H,,,,0.530,0.566,0.565,,,,0,,,,,,,,,,
11/6/2021,G11F,Foreshore,Pre-heat,Acclimation_End,3,14,30C,H,,,,0.557,0.552,0.411,,,,0,,,,,,,,,,
11/6/2021,G18S,Scotts,Pre-heat,Acclimation_End,3,13,30C,G,,,,0.510,0.582,0.403,,,,0,,,,,,,,,,
11/6/2021,G36B,Bluestone,Pre-heat,Acclimation_End,3,6,30C,G,,,,0.420,0.523,0.433,,,,0,,,,,1.40,,,,,
11/6/2021,G31B,Bluestone,Pre-heat,Acclimation_End,3,6,30C,G,,,,0.078,0.078,0.107,,,,0,,,,,,,,,,
11/6/2021,G19S,Scotts,Pre-heat,Acclimation_End,3,13,30C,F,,,,0.532,0.399,0.437,,,,0,,,,,,,,,,
11/6/2021,G24S,Scotts,Pre-heat,Acclimation_End,3,10,30C,F,,,,0.473,0.411,0.443,,,,0,,,,,,,,,,
11/6/2021,G38B,Bluestone,Pre-heat,Acclimation_End,3,6,30C,F,,,,0.615,0.557,0.632,,,,0,,,,,0.65,,,,,
11/6/2021,G37B,Bluestone,Pre-heat,Acclimation_End,3,6,30C,E,,,,0.619,0.579,0.506,,,,0,,,,,,,,,,
11/6/2021,G15S,Scotts,Pre-heat,Acclimation_End,3,13,30C,E,,,,0.290,0.241,0.316,,,,0,,,,,,,,,,
11/6/2021,G1F,Foreshore,Pre-heat,Acclimation_End,3,15,30C,E,,,,0.511,0.521,0.542,,,,0,,,,,,,,,,
11/6/2021,G10F,Foreshore,Post-heat,,4,,Control,K,,,,0.346,0.201,0.350,,,,0,,,,,,,,,,
11/6/2021,G20S,Scotts,Post-heat,,4,,Control,K,,,,0.146,0.168,0.119,,,,0,,,,,,,,,,
11/6/2021,G12F,Foreshore,Post-heat,,4,,Control,K,,,,0.457,0.456,0.425,,,,0,,,,,,,,,,
11/6/2021,G30B,Bluestone,Post-heat,,4,,Control,L,,,,0.302,0.349,0.416,,,,0,,,,,,,,,,
11/6/2021,G8F,Foreshore,Post-heat,,4,,Control,L,,,,0.353,0.415,0.310,,,,0,,,,,,,,,,
11/6/2021,G6F,Foreshore,Post-heat,,4,,Control,L,,,,0.446,0.359,0.280,,,,0,,,,,,,,,,
11/6/2021,G16S,Scotts,Post-heat,,4,,Control,J,,,,0.507,0.428,0.491,,,,0,,,,,,,,,,
11/6/2021,G25S,Scotts,Post-heat,,4,,Control,J,,,,0.362,0.337,0.197,,,,0,,,,,,,,,,
11/6/2021,G29B,Bluestone,Post-heat,,4,,Control,J,,,,0.479,0.315,0.405,,,,0,,,,,,,,,,
11/6/2021,G17S,Scotts,Post-heat,,4,,Control,I,,,,0.326,0.232,0.376,,,,0,,,,,,,,,,
11/6/2021,G7F,Foreshore,Post-heat,,4,,Control,I,,,,0.358,0.430,0.447,,,,0,,,,,,,,,,
11/6/2021,G27B,Bluestone,Post-heat,,4,,Control,I,,,,0.396,0.402,0.402,,,,0,,,,,,,,,,
11/6/2021,G18S,Scotts,Post-heat,,4,,30C,G,,,,0.520,0.466,0.534,,,,0,,,,,,,,,,
11/6/2021,G36B,Bluestone,Post-heat,,4,,30C,G,,,,0.500,0.525,0.536,,,,0,,,,,,,,,,
11/6/2021,G31B,Bluestone,Post-heat,,4,,30C,G,,,,0.257,0.215,0.151,,,,0,,,,,,,,,,
11/6/2021,G15S,Scotts,Post-heat,,4,,30C,E,,,,0.338,0.241,0.277,,,,0,,,,,,,,,,
11/6/2021,G1F,Foreshore,Post-heat,,4,,30C,E,,,,0.581,0.570,0.551,,,,0,,,,,,,,,,
11/6/2021,G37B,Bluestone,Post-heat,,4,,30C,E,,,,0.560,0.568,0.586,,,,0,,,,,,,,,,
11/6/2021,G19S,Scotts,Post-heat,,4,,30C,F,,,,0.423,0.470,0.556,,,,0,,,,,,,,,,
11/6/2021,G38B,Bluestone,Post-heat,,4,,30C,F,,,,0.571,0.626,0.535,,,,0,,,,,,,,,,
11/6/2021,G24S,Scotts,Post-heat,,4,,30C,F,,,,0.479,0.536,0.433,,,,0,,,,,,,,,,
11/6/2021,G3F,Foreshore,Post-heat,,4,,30C,H,,,,0.535,0.362,0.472,,,,0,,,,,,,,,,
11/6/2021,G13F,Foreshore,Post-heat,,4,,30C,H,,,,0.264,0.492,0.439,,,,0,,,,,,,,,,
11/6/2021,G11F,Foreshore,Post-heat,,4,,30C,H,,,,0.413,0.600,0.605,,,,0,,,,,,,,,,
11/6/2021,G28B,Bluestone,Post-heat,,4,,25C,B,,,,0.061,0.070,0.032,,,,0,,,,,,,,,,
11/6/2021,G5F,Foreshore,Post-heat,,4,,25C,B,,,,0.553,0.525,0.476,,,,0,,,,,,,,,,
11/6/2021,G23S,Scotts,Post-heat,,4,,25C,B,,,,0.451,0.542,0.397,,,,0,,,,,,,,,,
11/6/2021,G26S,Scotts,Post-heat,,4,,25C,C,,,,0.197,0.130,0.095,,,,0,,,,,,,,,,
11/6/2021,G9F,Foreshore,Post-heat,,4,,25C,C,,,,0.554,0.532,0.522,,,,0,,,,,,,,,,
11/6/2021,G2F,Foreshore,Post-heat,,4,,25C,C,,,,0.558,0.543,0.556,,,,0,,,,,,,,,,
11/6/2021,G4F,Foreshore,Post-heat,,4,,25C,D,,,,0.567,0.474,0.559,,,,0,,,,,,,,,,
11/6/2021,G22S,Scotts,Post-heat,,4,,25C,D,,,,0.032,0.052,0.092,,,,0,,,,,,,,,,
11/6/2021,G35B,Bluestone,Post-heat,,4,,25C,D,,,,0.507,0.413,0.598,,,,0,,,,,,,,,,
11/6/2021,G21S,Scotts,Post-heat,,4,,25C,A,,,,0.032,0.031,0.063,,,,0,,,,,,,,,,
11/6/2021,G34B,Bluestone,Post-heat,,4,,25C,A,,,,0.082,0.067,0.117,,,,0,,,,,,,,,,
11/6/2021,G14F,Foreshore,Post-heat,,4,,25C,A,,,,0.575,0.553,0.537,,,,0,,,,,,,,,,
11/7/2021,G30B,Bluestone,Pre-heat,,5,,Control,L,,,,0.381,0.408,0.393,,,,0,,,,,,,,,,
11/7/2021,G6F,Foreshore,Pre-heat,,5,,Control,L,,,,0.594,0.506,0.495,,,,0,,,,,,,,,,
11/7/2021,G8F,Foreshore,Pre-heat,,5,,Control,L,,,,0.466,0.525,0.507,,,,0,,,,,,,,,,
11/7/2021,G10F,Foreshore,Pre-heat,,5,,Control,K,,,,0.411,0.532,0.413,,,,0,,,,,,,,,,
11/7/2021,G20S,Scotts,Pre-heat,,5,,Control,K,,,,0.312,0.326,0.284,,,,0,,,,,,,,,,
11/7/2021,G12F,Foreshore,Pre-heat,,5,,Control,K,,,,0.57,0.622,0.444,,,,0,,,,,,,,,,
11/7/2021,G22S,Scotts,Pre-heat,,5,,25C,D,,,,0.039,0.069,0.05,,,,0,,,,,,,,,,
11/7/2021,G35B,Bluestone,Pre-heat,,5,,25C,D,,,,0.46,0.599,0.526,,,,0,,,,,,,,,,
11/7/2021,G4F,Foreshore,Pre-heat,,5,,25C,D,,,,0.473,0.449,0.533,,,,0,,,,,,,,,,
11/7/2021,G23S,Scotts,Pre-heat,,5,,25C,B,,,,0.241,0.255,0.128,,,,0,,,,,,,,,,
11/7/2021,G28B,Bluestone,Pre-heat,,5,,25C,B,,,,0.059,0.049,0.03,,,,0,,,,,,,,,,
11/7/2021,G5F,Foreshore,Pre-heat,,5,,25C,B,,,,0.505,0.548,0.604,,,,0,,,,,,,,,,
11/7/2021,G26S,Scotts,Pre-heat,,5,,25C,C,,,,0.157,0.159,0.096,,,,0,,,,,,,,,,
11/7/2021,G2F,Foreshore,Pre-heat,,5,,25C,C,,,,0.563,0.484,0.561,,,,0,,,,,,,,,,
11/7/2021,G9F,Foreshore,Pre-heat,,5,,25C,C,,,,0.472,0.474,0.55,,,,0,,,,,,,,,,
11/7/2021,G34B,Bluestone,Pre-heat,,5,,25C,A,,,,0.057,0.049,0.099,,,,0,,,,,,,,,,
11/7/2021,G21S,Scotts,Pre-heat,,5,,25C,A,,,,0.049,0.059,0.048,,,,0,,,,,,,,,,
11/7/2021,G14F,Foreshore,Pre-heat,,5,,25C,A,,,,0.547,0.495,0.53,,,,0,,,,,,,,,,
11/7/2021,G11F,Foreshore,Pre-heat,,5,,30C,H,,,,0.548,0.596,0.492,,,,0,,,,,,,,,,
11/7/2021,G13F,Foreshore,Pre-heat,,5,,30C,H,,,,0.469,0.553,0.483,,,,0,,,,,,,,,,
11/7/2021,G3F,Foreshore,Pre-heat,,5,,30C,H,,,,0.472,0.476,0.611,,,,0,,,,,,,,,,
11/7/2021,G18S,Scotts,Pre-heat,,5,,30C,G,,,,0.533,0.443,0.565,,,,0,,,,,,,,,,
11/7/2021,G36B,Bluestone,Pre-heat,,5,,30C,G,,,,0.522,0.506,0.524,,,,0,,,,,,,,,,
11/7/2021,G31B,Bluestone,Pre-heat,,5,,30C,G,,,,0.093,0.104,0.277,,,,0,,,,,,,,,,
11/7/2021,G38B,Bluestone,Pre-heat,,5,,30C,F,,,,0.557,0.627,0.615,,,,0,,,,,,,,,,
11/7/2021,G24S,Scotts,Pre-heat,,5,,30C,F,,,,0.419,0.451,0.491,,,,0,,,,,,,,,,
11/7/2021,G19S,Scotts,Pre-heat,,5,,30C,F,,,,0.545,0.599,0.6,,,,0,,,,,,,,,,
11/7/2021,G37B,Bluestone,Pre-heat,,5,,30C,E,,,,0.628,0.608,0.595,,,,0,,,,,,,,,,
11/7/2021,G15S,Scotts,Pre-heat,,5,,30C,E,,,,0.353,0.397,0.406,,,,0,,,,,,,,,,
11/7/2021,G1F,Foreshore,Pre-heat,,5,,30C,E,,,,0.657,0.634,0.558,,,,0,,,,,,,,,,
11/7/2021,G29B,Bluestone,Pre-heat,,5,,Control,J,,,,0.417,0.486,0.363,,,,0,,,,,,,,,,
11/7/2021,G16S,Scotts,Pre-heat,,5,,Control,J,,,,0.578,0.526,0.548,,,,0,,,,,,,,,,
11/7/2021,G25S,Scotts,Pre-heat,,5,,Control,J,,,,0.215,0.305,0.176,,,,0,,,,,,,,,,
11/7/2021,G7F,Foreshore,Pre-heat,,5,,Control,I,,,,0.465,0.547,0.543,,,,0,,,,,,,,,,
11/7/2021,G17S,Scotts,Pre-heat,,5,,Control,I,,,,0.486,0.491,0.410,,,,0,,,,,,,,,,
11/7/2021,G27B,Bluestone,Pre-heat,,5,,Control,I,,,,0.480,0.502,0.510,,,,0,,,,,,,,,,
11/7/2021,G12F,Foreshore,Post-heat,,6,,Control,K,,,,0.575,0.592,0.585,,,,0,,,,,,,,,,
11/7/2021,G10F,Foreshore,Post-heat,,6,,Control,K,,,,0.498,0.462,0.528,,,,0,,,,,,,,,,
11/7/2021,G20S,Scotts,Post-heat,,6,,Control,K,,,,0.419,0.152,0.296,,,,0,,,,,,,,,,
11/7/2021,G6F,Foreshore,Post-heat,,6,,Control,L,,,,0.582,0.596,0.642,,,,0,,,,,,,,,,
11/7/2021,G30B,Bluestone,Post-heat,,6,,Control,L,,,,0.411,0.510,0.449,,,,0,,,,,,,,,,
11/7/2021,G8F,Foreshore,Post-heat,,6,,Control,L,,,,0.456,0.505,0.219,,,,0,,,,,,,,,,
11/7/2021,G27B,Bluestone,Post-heat,,6,,Control,I,,,,0.528,0.572,0.548,,,,0,,,,,,,,,,
11/7/2021,G7F,Foreshore,Post-heat,,6,,Control,I,,,,0.584,0.595,0.517,,,,0,,,,,,,,,,
11/7/2021,G17S,Scotts,Post-heat,,6,,Control,I,,,,0.373,0.531,0.565,,,,0,,,,,,,,,,
11/7/2021,G16S,Scotts,Post-heat,,6,,Control,J,,,,0.544,0.610,0.662,,,,0,,,,,,,,,,
11/7/2021,G25S,Scotts,Post-heat,,6,,Control,J,,,,0.368,0.480,0.169,,,,0,,,,,,,,,,
11/7/2021,G29B,Bluestone,Post-heat,,6,,Control,J,,,,0.586,0.587,0.559,,,,0,,,,,,,,,,
11/7/2021,G22S,Scotts,Post-heat,,6,,25C,D,,,,0.042,0.071,0.021,,,,0,,,,,,,,,,
11/7/2021,G35B,Bluestone,Post-heat,,6,,25C,D,,,,0.481,0.641,0.589,,,,0,,,,,,,,,,
11/7/2021,G4F,Foreshore,Post-heat,,6,,25C,D,,,,0.634,0.543,0.580,,,,0,,,,,,,,,,
11/7/2021,G23S,Scotts,Post-heat,,6,,25C,B,,,,0.256,0.313,0.135,,,,0,,,,,,,,,,
11/7/2021,G5F,Foreshore,Post-heat,,6,,25C,B,,,,0.549,0.577,0.592,,,,0,,,,,,,,,,
11/7/2021,G28B,Bluestone,Post-heat,,6,,25C,B,,,,0.032,0.053,0.043,,,,0,,,,,,,,,,
11/7/2021,G21S,Scotts,Post-heat,,6,,25C,A,,,,0.073,0.042,0.031,,,,0,,,,,,,,,,
11/7/2021,G14F,Foreshore,Post-heat,,6,,25C,A,,,,0.528,0.554,0.626,,,,0,,,,,,,,,,
11/7/2021,G34B,Bluestone,Post-heat,,6,,25C,A,,,,0.081,0.320,0.053,,,,0,,,,,,,,,,
11/7/2021,G9F,Foreshore,Post-heat,,6,,25C,C,,,,0.517,0.579,0.545,,,,0,,,,,,,,,,
11/7/2021,G26S,Scotts,Post-heat,,6,,25C,C,,,,0.155,0.079,0.091,,,,0,,,,,,,,,,
11/7/2021,G2F,Foreshore,Post-heat,,6,,25C,C,,,,0.529,0.248,0.640,,,,0,,,,,,,,,,
11/7/2021,G18S,Scotts,Post-heat,,6,,30C,G,,,,0.580,0.448,0.549,,,,0,,,,,,,,,,
11/7/2021,G36B,Bluestone,Post-heat,,6,,30C,G,,,,0.549,0.424,0.570,,,,0,,,,,,,,,,
11/7/2021,G31B,Bluestone,Post-heat,,6,,30C,G,,,,0.348,0.161,0.304,,,,0,,,,,,,,,,
11/7/2021,G11F,Foreshore,Post-heat,,6,,30C,H,,,,0.589,0.522,0.495,,,,0,,,,,,,,,,
11/7/2021,G13F,Foreshore,Post-heat,,6,,30C,H,,,,0.531,0.564,0.554,,,,0,,,,,,,,,,
11/7/2021,G3F,Foreshore,Post-heat,,6,,30C,H,,,,0.571,0.533,0.378,,,,0,,,,,,,,,,
11/7/2021,G24S,Scotts,Post-heat,,6,,30C,F,,,,0.490,0.516,0.509,,,,0,,,,,,,,,,
11/7/2021,G19S,Scotts,Post-heat,,6,,30C,F,,,,0.283,0.479,0.584,,,,0,,,,,,,,,,
11/7/2021,G38B,Bluestone,Post-heat,,6,,30C,F,,,,0.581,0.605,0.568,,,,0,,,,,,,,,,
11/7/2021,G37B,Bluestone,Post-heat,,6,,30C,E,,,,0.664,0.647,0.592,,,,0,,,,,,,,,,
11/7/2021,G16S,Scotts,Post-heat,,6,,30C,E,,,,0.464,0.496,0.322,,,,0,,,,,,,,,,
11/7/2021,G1F,Foreshore,Post-heat,,6,,30C,E,,,,0.655,0.513,0.669,,,,0,,,,,,,,,,
11/8/2021,G20S,Scotts,Pre-heat,,7,,Control,K,,,,0.278,0.214,0.089,,,,0,,,,,,,,,,
11/8/2021,G12F,Foreshore,Pre-heat,,7,,Control,K,,,,0.626,0.598,0.566,,,,0,,,,,,,,,,
11/8/2021,G10F,Foreshore,Pre-heat,,7,,Control,K,,,,0.536,0.497,0.592,,,,0,,,,,,,,,,
11/8/2021,G17S,Scotts,Pre-heat,,7,,Control,I,,,,0.499,0.521,0.371,,,,0,,,,,,,,,,
11/8/2021,G27B,Bluestone,Pre-heat,,7,,Control,I,,,,0.501,0.516,0.542,,,,0,,,,,,,,,,
11/8/2021,G7F,Foreshore,Pre-heat,,7,,Control,I,,,,0.568,0.566,0.562,,,,0,,,,,,,,,,
11/8/2021,G29B,Bluestone,Pre-heat,,7,,Control,J,,,,0.555,0.533,0.566,,,,0,,,,,,,,,,
11/8/2021,G16S,Scotts,Pre-heat,,7,,Control,J,,,,0.638,0.613,0.583,,,,0,,,,,,,,,,
11/8/2021,G25S,Scotts,Pre-heat,,7,,Control,J,,,,0.510,0.576,0.546,,,,0,,,,,,,,,,
11/8/2021,G8F,Foreshore,Pre-heat,,7,,Control,L,,,,0.603,0.533,0.453,,,,0,,,,,,,,,,
11/8/2021,G6F,Foreshore,Pre-heat,,7,,Control,L,,,,0.547,0.469,0.594,,,,0,,,,,,,,,,
11/8/2021,G30B,Bluestone,Pre-heat,,7,,Control,L,,,,0.503,0.516,0.534,,,,0,,,,,,,,,,
11/8/2021,G28B,Bluestone,Pre-heat,,7,,25C,B,,,,0.042,0.042,0.042,,,,0,,,,,,,,,,
11/8/2021,G23S,Scotts,Pre-heat,,7,,25C,B,,,,0.134,0.087,0.377,,,,0,,,,,,,,,,
11/8/2021,G5F,Foreshore,Pre-heat,,7,,25C,B,,,,0.587,0.613,0.585,,,,0,,,,,,,,,,
11/8/2021,G22S,Scotts,Pre-heat,,7,,25C,D,,,,0.053,0.040,0.021,,,,0,,,,,,,,,,
11/8/2021,G4F,Foreshore,Pre-heat,,7,,25C,D,,,,0.580,0.566,0.496,,,,0,,,,,,,,,,
11/8/2021,G35B,Bluestone,Pre-heat,,7,,25C,D,,,,0.522,0.582,0.546,,,,0,,,,,,,,,,
11/8/2021,G26S,Scotts,Pre-heat,,7,,25C,C,,,,0.175,0.290,0.302,,,,0,,,,,,,,,,
11/8/2021,G2F,Foreshore,Pre-heat,,7,,25C,C,,,,0.362,0.589,0.517,,,,0,,,,,,,,,,
11/8/2021,G9F,Foreshore,Pre-heat,,7,,25C,C,,,,0.521,0.569,0.508,,,,0,,,,,,,,,,
11/8/2021,G34B,Bluestone,Pre-heat,,7,,25C,A,,,,0.097,0.096,0.081,,,,0,,,,,,,,,,
11/8/2021,G21S,Scotts,Pre-heat,,7,,25C,A,,,,0.041,0.042,0.063,,,,0,,,,,,,,,,
11/8/2021,G14F,Foreshore,Pre-heat,,7,,25C,A,,,,0.545,0.606,0.591,,,,0,,,,,,,,,,
11/8/2021,G1F,Foreshore,Pre-heat,,7,,30C,E,,,,0.502,0.585,0.510,,,,0,,,,,,,,,,
11/8/2021,G15S,Scotts,Pre-heat,,7,,30C,E,,,,0.221,0.243,0.432,,,,0,,,,,,,,,,
11/8/2021,G37B,Bluestone,Pre-heat,,7,,30C,E,,,,0.615,0.594,0.590,,,,0,,,,,,,,,,
11/8/2021,G31B,Bluestone,Pre-heat,,7,,30C,G,,,,0.273,0.293,0.202,,,,0,,,,,,,,,,
11/8/2021,G36B,Bluestone,Pre-heat,,7,,30C,G,,,,0.568,0.563,0.565,,,,0,,,,,,,,,,
11/8/2021,G18S,Scotts,Pre-heat,,7,,30C,G,,,,0.410,0.460,0.559,,,,0,,,,,,,,,,
11/8/2021,G3F,Foreshore,Pre-heat,,7,,30C,H,,,,0.502,0.483,0.453,,,,0,,,,,,,,,,
11/8/2021,G13F,Foreshore,Pre-heat,,7,,30C,H,,,,0.486,0.567,0.515,,,,0,,,,,,,,,,
11/8/2021,G11F,Foreshore,Pre-heat,,7,,30C,H,,,,0.563,0.592,0.604,,,,0,,,,,,,,,,
11/8/2021,G38B,Bluestone,Pre-heat,,7,,30C,F,,,,0.644,0.564,0.483,,,,0,,,,,,,,,,
11/8/2021,G24S,Scotts,Pre-heat,,7,,30C,F,,,,0.469,0.505,0.530,,,,0,,,,,,,,,,
11/8/2021,G19S,Scotts,Pre-heat,,7,,30C,F,,,,0.486,0.585,0.564,,,,0,,,,,,,,,,
11/8/2021,G27B,Bluestone,Post-heat,Heat_End,8,6,Control,I,,,,0.505,0.500,0.565,,,,0,,,,,,,,,,
11/8/2021,G17S,Scotts,Post-heat,Heat_End,8,13,Control,I,,,,0.435,0.415,0.546,,,,0,,,,,,,,,,
11/8/2021,G7F,Foreshore,Post-heat,Heat_End,8,14,Control,I,,,,0.538,0.473,0.492,,,,0,,,,,,,,,,
11/8/2021,G10F,Foreshore,Post-heat,Heat_End,8,14,Control,K,,,,0.453,0.432,0.472,,,,0,,,,,,,,,,
11/8/2021,G20S,Scotts,Post-heat,Heat_End,8,13,Control,K,,,,0.226,0.154,0.230,,,,0,,,,,,,,,,
11/8/2021,G12S,Scotts,Post-heat,Heat_End,8,14,Control,K,,,,0.584,0.569,0.412,,,,0,,,,,,,,,,
11/8/2021,G8F,Foreshore,Post-heat,Heat_End,8,14,Control,L,,,,0.437,0.432,0.465,,,,0,,,,,,,,,,
11/8/2021,G6F,Foreshore,Post-heat,Heat_End,8,14,Control,L,,,,0.444,0.519,0.479,,,,0,,,,,,,,,,
11/8/2021,G30B,Bluestone,Post-heat,Heat_End,8,6,Control,L,,,,0.327,0.356,0.418,,,,0,,,,,,,,,,
11/8/2021,G25S,Scotts,Post-heat,Heat_End,8,10,Control,J,,,,0.452,0.345,0.507,,,,0,,,,,,,,,,
11/8/2021,G16S,Scotts,Post-heat,Heat_End,8,13,Control,J,,,,0.552,0.541,0.620,,,,0,,,,,,,,,,
11/8/2021,G29B,Bluestone,Post-heat,Heat_End,8,6,Control,J,,,,0.457,0.443,0.384,,,,0,,,,,,,,,,
11/8/2021,G14F,Foreshore,Post-heat,Heat_End,8,14,25C,A,,,,0.407,0.536,0.564,,,,0,,,,,,,,,,
11/8/2021,G21S,Scotts,Post-heat,Heat_End,8,13,25C,A,,,,0.078,0.069,0.086,,,,0,,,,,,,,,,
11/8/2021,G34B,Bluestone,Post-heat,Heat_End,8,6,25C,A,,,,0.085,0.155,0.058,,,,0,,,,,,,,,,
11/8/2021,G22S,Scotts,Post-heat,Heat_End,8,13,25C,D,,,,0.010,0.061,0.070,,,,0,,,,,,,,,,
11/8/2021,G35B,Bluestone,Post-heat,Heat_End,8,6,25C,D,,,,0.422,0.520,0.593,,,,0,,,,,,,,,,
11/8/2021,G4F,Foreshore,Post-heat,Heat_End,8,15,25C,D,,,,0.510,0.494,0.539,,,,0,,,,,,,,,,
11/8/2021,G5F,Foreshore,Post-heat,Heat_End,8,15,25C,B,,,,0.519,0.506,0.458,,,,0,,,,,,,,,,
11/8/2021,G28B,Bluestone,Post-heat,Heat_End,8,6,25C,B,,,,0.030,0.079,0.110,,,,0,,,,,,,,,,
11/8/2021,G23S,Scotts,Post-heat,Heat_End,8,13,25C,B,,,,0.202,0.274,0.318,,,,0,,,,,,,,,,
11/8/2021,G26S,Scotts,Post-heat,Heat_End,8,10,25C,C,,,,0.049,0.107,0.093,,,,0,,,,,,,,,,
11/8/2021,G2F,Foreshore,Post-heat,Heat_End,8,15,25C,C,,,,0.532,0.531,0.516,,,,0,,,,,,,,,,
11/8/2021,G9F,Foreshore,Post-heat,Heat_End,8,14,25C,C,,,,0.475,0.455,0.495,,,,0,,,,,,,,,,
11/8/2021,G38B,Bluestone,Post-heat,Heat_End,8,6,30C,F,,,,0.590,0.521,0.571,,,,0,,,,,,,,,,
11/8/2021,G24S,Scotts,Post-heat,Heat_End,8,10,30C,F,,,,0.347,0.496,0.424,,,,0,,,,,,,,,,
11/8/2021,G19S,Scotts,Post-heat,Heat_End,8,13,30C,F,,,,0.429,0.418,0.510,,,,0,,,,,,,,,,
11/8/2021,G11F,Foreshore,Post-heat,Heat_End,8,14,30C,H,,,,0.421,0.369,0.470,,,,0,,,,,,,,,,
11/8/2021,G13F,Foreshore,Post-heat,Heat_End,8,14,30C,H,,,,0.427,0.526,0.419,,,,0,,,,,,,,,,
11/8/2021,G3F,Foreshore,Post-heat,Heat_End,8,15,30C,H,,,,0.505,0.567,0.445,,,,0,,,,,,,,,,
11/8/2021,G18S,Scotts,Post-heat,Heat_End,8,13,30C,G,,,,0.551,0.483,0.566,,,,0,,,,,,,,,,
11/8/2021,G36B,Bluestone,Post-heat,Heat_End,8,6,30C,G,,,,0.465,0.539,0.446,,,,0,,,,,,,,,,
11/8/2021,G31B,Bluestone,Post-heat,Heat_End,8,6,30C,G,,,,0.102,0.117,0.076,,,,0,,,,,,,,,,
11/8/2021,G1F,Foreshore,Post-heat,Heat_End,8,15,30C,E,,,,0.421,0.450,0.525,,,,0,,,,,,,,,,
11/8/2021,G15S,Scotts,Post-heat,Heat_End,8,13,30C,E,,,,0.248,0.380,0.337,,,,0,,,,,,,,,,
11/8/2021,G37B,Bluestone,Post-heat,Heat_End,8,6,30C,E,,,,0.533,0.548,0.437,,,,0,,,,,,,,,,
11/9/2021,G25S,Foreshore,Recovery,,9,10,Control,J,42.90,40.50,34.70,0.556,0.504,0.531,3,1.7601,1.7449,0.0152,1.0,52.0,0.3,0.7,,,,,,
11/9/2021,G16S,Scotts,Recovery,,9,13,Control,J,53.10,45.70,45.70,0.660,0.593,0.664,2,1.6885,1.6631,0.0254,359.0,0.0,57.7,0.0,,,,,,
11/9/2021,G29B,Bluestone,Recovery,,9,6,Control,J,36.60,26.60,28.10,0.512,0.320,0.547,1,1.7082,1.6881,0.0201,0.0,26.7,0.0,0.0,,,,,,
11/9/2021,G30B,Bluestone,Recovery,,9,6,Control,L,50.40,45.80,45.70,0.442,0.458,0.500,2,1.7148,1.6922,0.0226,0.7,43.0,0.3,3.0,0.12,0:07:00,14:05:00,14:12:00,,
11/9/2021,G6F,Foreshore,Recovery,,9,14,Control,L,97.00,66.40,78.00,0.573,0.630,0.653,,1.8294,1.7427,0.0867,,,,,5.17,5:10:00,14:35:00,19:45:00,,
11/9/2021,G8F,Foreshore,Recovery,,9,14,Control,L,85.60,37.90,58.50,0.505,0.528,0.610,,1.6967,1.6695,0.0272,128.7,0.3,37.0,0.0,,,,,,
11/9/2021,G17S,Scotts,Recovery,,9,13,Control,I,65.00,35.20,50.10,0.544,0.539,0.556,3,1.7922,1.7617,0.0305,3.0,43.7,0.0,2.0,0.20,0:12:00,15:40:00,15:52:00,,
11/9/2021,G27B,Bluestone,Recovery,,9,6,Control,I,46.00,42.60,35.80,0.562,0.516,0.568,2,1.7745,1.7383,0.0362,1.0,26.3,0.0,1.0,,,,,,
11/9/2021,G7F,Foreshore,Recovery,,9,14,Control,I,74.00,47.20,61.30,0.657,0.614,0.621,4,1.8697,1.832,0.0377,138.7,0.7,23.7,0.0,,,,,,
11/9/2021,G10F,Foreshore,Recovery,,9,14,Control,K,70.80,55.20,74.70,0.573,0.515,0.572,2,1.8013,1.7323,0.069,0.7,153.3,0.0,7.0,,,,,,
11/9/2021,G12F,Scotts,Recovery,,9,14,Control,K,61.20,68.30,73.80,0.542,0.617,0.610,2,1.7501,1.6952,0.0549,148.7,0.0,35.0,,,,,,,
11/9/2021,G20S,Scotts,Recovery,,9,13,Control,K,45.10,35.60,41.80,0.259,0.289,0.410,,,,0,,,,,,,,,,
11/9/2021,G21S,Scotts,Recovery,,9,13,25C,A,33.80,33.00,39.70,0.043,0.042,0.033,2,1.676,1.6565,0.0195,0.0,0.0,0.0,0.0,,,,,,
11/9/2021,G34B,Bluestone,Recovery,,9,6,25C,A,39.70,38.70,40.80,0.203,0.050,0.157,,,,0,,,,,,,,,,
11/9/2021,G14F,Foreshore,Recovery,,9,14,25C,A,66.90,41.90,60.30,0.537,0.661,0.604,3,1.6886,1.669,0.0196,78.7,0.0,14.3,0.0,,,,,,
11/9/2021,G4F,Foreshore,Recovery,,9,15,25C,D,75.50,62.20,66.10,0.548,0.592,0.579,,1.9547,1.9039,0.0508,0.7,138.0,0.0,8.3,3.92,3:55:00,22:06:00,26:01:00,,
11/9/2021,G35B,Bluestone,Recovery,,9,6,25C,D,47.90,37.60,39.30,0.513,0.558,0.508,,,,0,,,,,,,,,,
11/9/2021,G22S,Scotts,Recovery,,9,13,25C,D,57.30,57.40,55.70,0.065,0.044,0.073,2,1.7392,1.696,0.0432,0.0,0.0,0.0,0.0,16.87,16:52:00,22:22:00,39:14:00,,
11/9/2021,G9F,Foreshore,Recovery,,9,14,25C,C,65.90,62.00,61.60,0.537,0.503,0.554,2,1.7538,1.7055,0.0483,2.0,98.0,0.3,2.0,,,,,,
11/9/2021,G2F,Foreshore,Recovery,,9,15,25C,C,78.40,73.30,56.70,0.633,0.629,0.634,3,1.9601,1.9266,0.0335,140.3,0.0,22.3,0.0,,,,,,
11/9/2021,G26S,Scotts,Recovery,,9,10,25C,C,61.40,60.90,71.70,0.185,0.404,0.578,2,2.2057,2.1678,0.0379,11.7,0.3,0.0,0.0,,,,,,
11/9/2021,G23S,Scotts,Recovery,,9,13,25C,B,58.50,48.60,58.70,0.509,0.538,0.536,3,1.8525,1.8263,0.0262,4.3,8.3,0.3,0.0,,,,,,
11/9/2021,G28B,Bluestone,Recovery,,9,6,25C,B,50.60,35.10,46.10,0.075,0.054,0.081,1,1.7013,1.6834,0.0179,0.0,0.0,0.0,0.0,,,,,,
11/9/2021,G5F,Foreshore,Recovery,,9,15,25C,B,114.50,57.40,75.80,0.595,0.623,0.548,1,1.7119,1.6897,0.0222,135.3,0.0,37.7,0.0,,,,,,
11/9/2021,G18S,Scotts,Recovery,,9,13,30C,G,56.00,44.10,50.30,0.586,0.578,0.605,,,,0,,,,,,,,,,
11/9/2021,G31B,Bluestone,Recovery,,9,6,30C,G,66.40,36.30,43.60,0.329,0.469,0.375,,,,0,,,,,,,,,,
11/9/2021,G36B,Bluestone,Recovery,,9,6,30C,G,72.80,43.00,58.40,0.541,0.577,0.511,,1.7486,1.7402,0.0084,0.0,16.0,0.0,0.3,3.05,3:03:00,0,3:03:00,,
11/9/2021,G13F,Foreshore,Recovery,,9,14,30C,H,71.90,58.60,60.30,0.550,0.567,0.571,1,1.6555,1.6398,0.0157,14.0,1.0,3.3,0.0,7.82,7:49:00,26:54:00,34:43:00,,
11/9/2021,G11F,Foreshore,Recovery,,9,14,30C,H,60.80,80.60,76.60,0.531,0.624,0.594,1,1.6967,1.6677,0.029,111.3,0.0,11.3,0.0,,,,,,
11/9/2021,G3F,Foreshore,Recovery,,9,15,30C,H,67.70,37.80,39.30,0.519,0.553,0.559,1,1.7594,1.7294,0.03,42.3,35.3,13.3,3.0,,,,,,
11/9/2021,G19S,Scotts,Recovery,,9,13,30C,F,77.90,59.20,68.00,0.574,0.616,0.542,2,1.7403,1.7178,0.0225,57.7,4.0,3.7,0.0,,,,,,
11/9/2021,G24S,Scotts,Recovery,,9,10,30C,F,43.10,22.80,26.70,0.458,0.391,0.504,2,1.847,1.8233,0.0237,0.7,26.0,0.0,0.3,,,,,,
11/9/2021,G38B,Bluestone,Recovery,,9,6,30C,F,123.70,85.80,106.50,0.646,0.602,0.437,1,1.7156,1.6787,0.0369,520.0,13.0,155.0,0.7,2.82,2:49:00,0:00:00,2:49:00,,
11/9/2021,G15S,Scotts,Recovery,,9,13,30C,E,54.70,37.00,49.80,0.260,0.327,0.421,1,1.7176,1.6923,0.0253,17.3,0.0,1.3,0.0,28.95,28:57:00,26:20:00,55:17:00,,
11/9/2021,G37B,Bluestone,Recovery,,9,6,30C,E,57.00,29.70,44.60,0.565,0.613,0.570,1,1.6914,1.6627,0.0287,102.0,1.0,22.3,0.0,,,,,,
11/9/2021,G1F,Foreshore,Recovery,,9,15,30C,E,79.40,58.60,71.10,0.630,0.639,0.600,2,1.9333,1.9119,0.0214,174.7,0.0,34.0,0.0,,,,,,
11/13/2021,G6F,Foreshore,Recovery,Recovery_End,10,14,Control,L,113.90,64.50,86.80,0.522,0.565,0.571,,2.0962,2.0353,0.0609,,,,,4.85,4:51:00,8:37:00,13:28:00,,
11/13/2021,G8F,Foreshore,Recovery,Recovery_End,10,14,Control,L,72.50,66.80,74.60,0.403,0.525,0.469,2,1.704,1.6682,0.0358,142.3,0.0,10.3,0.0,,,,,,
11/13/2021,G30B,Bluestone,Recovery,Recovery_End,10,6,Control,L,44.70,44.60,42.80,0.348,0.369,0.398,2,1.7774,1.7272,0.0502,1.0,42.7,0.0,1.7,0.83,0:50:00,8:13:00,9:03:00,,
11/13/2021,G25S,Scotts,Recovery,Recovery_End,10,10,Control,J,38.40,31.10,36.70,0.388,0.194,0.130,2,1.649,1.6228,0.0262,1.7,45.0,0.0,2.3,,,,,,
11/13/2021,G29B,Bluestone,Recovery,Recovery_End,10,6,Control,J,42.90,24.30,34.10,0.455,0.435,0.415,2,1.6955,1.6685,0.027,3.3,31.0,0.3,1.7,,,,,,
11/13/2021,G16S,Scotts,Recovery,Recovery_End,10,13,Control,J,53.30,46.10,51.20,0.398,0.527,0.372,2,2.03,2.002,0.028,141.3,0.0,26.3,0.0,,,,,,
11/13/2021,G20S,Scotts,Recovery,Recovery_End,10,13,Control,K,43.00,46.30,47.70,0.275,0.341,0.223,,,,0,,,,,,,,,,
11/13/2021,G12F,Foreshore,Recovery,Recovery_End,10,14,Control,K,75.90,77.40,69.60,0.486,0.589,0.597,2,1.7076,1.6701,0.0375,174.0,0.0,43.3,0.0,,,,,,
11/13/2021,G10F,Foreshore,Recovery,Recovery_End,10,14,Control,K,79.00,72.20,81.00,0.473,0.388,0.479,1,1.7323,1.6942,0.0381,3.0,125.0,0.3,3.7,,,,,,
11/13/2021,G27B,Bluestone,Recovery,Recovery_End,10,6,Control,I,43.50,35.80,42.90,0.527,0.486,0.443,2,1.6832,1.6315,0.0517,0.0,25.3,0.0,1.0,,,,,,
11/13/2021,G7F,Foreshore,Recovery,Recovery_End,10,14,Control,I,76.30,58.70,72.50,0.536,0.514,0.478,3,1.5835,1.5359,0.0476,232.3,0.7,39.3,0.0,,,,,,
11/13/2021,G17S,Scotts,Recovery,Recovery_End,10,13,Control,I,66.90,46.40,41.70,0.355,0.411,0.139,4,1.7012,1.6741,0.0271,4.0,67.0,1.3,1.3,0.12,0:07:00,9:42:00,9:49:00,,
11/13/2021,G28B,Bluestone,Recovery,Recovery_End,10,6,25C,B,51.1,37.8,52.6,0.074,0.043,0.065,1,1.733,1.7121,0.0209,145.7,0.0,36.0,0.0,,,,,,
11/13/2021,G5F,Foreshore,Recovery,Recovery_End,10,15,25C,B,55.90,43.40,50.80,0.488,0.514,0.546,,,,0,,,,,,,,,,
11/13/2021,G23S,Scotts,Recovery,Recovery_End,10,13,25C,B,50.30,43.30,54.30,0.140,0.234,0.131,2,1.7253,1.6871,0.0382,1.3,23.7,0.0,0.0,,,,,,
11/13/2021,G34B,Bluestone,Recovery,Recovery_End,10,6,25C,A,40.10,36.50,38.50,0.128,0.043,0.063,,,,0,,,,,,,,,,
11/13/2021,G14F,Foreshore,Recovery,Recovery_End,10,14,25C,A,72.00,48.10,58.80,0.420,0.413,0.400,3,1.6899,1.6071,0.0828,426.7,3.0,93.7,0.3,,,,,,
11/13/2021,G21S,Scotts,Recovery,Recovery_End,10,13,25C,A,30.40,33.20,35.40,0.075,0.053,0.063,1,1.6914,1.6756,0.0158,0.0,0.0,0.0,0.0,,,,,,
11/13/2021,G35B,Bluestone,Recovery,Recovery_End,10,6,25C,D,33.50,41.70,38.40,0.572,0.531,0.547,,,,0,,,,,,,,,,
11/13/2021,G22S,Scotts,Recovery,Recovery_End,10,13,25C,D,45.20,56.20,50.00,0.053,0.074,0.032,3,1.6362,1.5977,0.0385,0.3,0.7,0.0,0.0,9.77,9:46:00,13:44:00,23:30:00,,
11/13/2021,G4F,Foreshore,Recovery,Recovery_End,10,15,25C,D,71.10,61.80,67.60,0.541,0.452,0.474,,1.7959,1.7602,0.0357,0.0,54.7,0.0,1.3,,1:27:00,11:51:00,13:18:00,,
11/13/2021,G9F,Foreshore,Recovery,Recovery_End,10,14,25C,C,55.90,61.00,60.70,0.366,0.454,0.462,1,1.6679,1.6232,0.0447,5.3,49.0,0.3,0.3,,,,,,
11/13/2021,G2F,Foreshore,Recovery,Recovery_End,10,15,25C,C,84.90,45.20,90.40,0.474,0.520,0.471,3,1.7621,1.6946,0.0675,132.7,0.0,24.3,0.0,,,,,,
11/13/2021,G26S,Scotts,Recovery,Recovery_End,10,10,25C,C,60.30,57.60,72.10,0.053,0.090,0.012,2,1.7574,1.6954,0.062,2.0,63.3,0.0,3.7,,,,,,
11/13/2021,G15S,Scotts,Recovery,Recovery_End,10,13,30C,E,65.00,39.90,53.10,0.203,0.271,0.288,1,1.731,1.7028,0.0282,39.7,1.3,11.0,0.3,0.10,0:06:00,23:49:00,23:55:00,,
11/13/2021,G1F,Foreshore,Recovery,Recovery_End,10,15,30C,E,78.50,62.00,67.30,0.538,0.540,0.558,2,1.7632,1.6995,0.0637,233.3,0.0,25.0,0.0,,,,,,
11/13/2021,G37B,Bluestone,Recovery,Recovery_End,10,6,30C,E,50.90,41.00,44.10,0.566,0.481,0.614,2,1.9843,1.9393,0.045,171.7,0.0,51.3,0.0,,,,,,
11/13/2021,G31B,Bluestone,Recovery,Recovery_End,10,6,30C,G,63.20,37.60,49.50,0.085,0.135,0.137,,,,0,,,,,,,,,,
11/13/2021,G18S,Scotts,Recovery,Recovery_End,10,13,30C,G,50.50,42.00,44.10,0.451,0.473,0.517,2,1.6914,1.6619,0.0295,26.3,4.3,8.3,0.0,,,,,,
11/13/2021,G36B,Bluestone,Recovery,Recovery_End,10,6,30C,G,67.40,40.20,54.20,0.543,0.471,0.452,,1.8515,1.8069,0.0446,0.7,109.3,0.0,2.0,2.67,2:40:00,21:29:00,24:09:00,,
11/13/2021,G38B,Bluestone,Recovery,Recovery_End,10,6,30C,F,120.60,86.40,113.90,0.598,0.578,0.565,2,1.8256,1.7613,0.0643,579.0,19.0,159.0,1.0,0.65,0:39:00,24:54:00,25:33:00,,
11/13/2021,G24S,Scotts,Recovery,Recovery_End,10,10,30C,F,41.60,29.00,36.00,0.472,0.369,0.442,4,1.6975,1.6446,0.0529,0.0,29.3,0.0,0.3,,,,,,
11/13/2021,G19S,Scotts,Recovery,Recovery_End,10,13,30C,F,61.50,53.80,60.80,0.538,0.508,0.449,2,1.6986,1.6614,0.0372,153.0,5.0,26.0,0.3,,,,,,
11/13/2021,G3F,Foreshore,Recovery,Recovery_End,10,15,30C,H,61.90,46.10,62.50,0.553,0.520,0.549,1,1.8201,1.7861,0.034,48.0,22.3,15.7,0.7,,,,,,
11/13/2021,G11F,Foreshore,Recovery,Recovery_End,10,14,30C,H,68.50,53.30,61.60,0.570,0.518,0.565,2,1.7644,1.6946,0.0698,137.3,0.0,3.3,0.0,,,,,,
11/13/2021,G13F,Foreshore,Recovery,Recovery_End,10,14,30C,H,78.60,70.90,63.40,0.441,0.512,0.448,2,1.6907,1.6728,0.0179,284.3,5.0,67.3,0.0,1.08,1:05:00,22:55:00,24:00:00,,
,,,,,,,,,,,,,,,,,,,,,,,,,,,,
,,,,,,,,,,,,,,,,,,,,,,,,,,,,
,,,,,,,,,,,,,,,1,1.7171,1.683,0.0341,,,,,,,,,,
,,,,,,,,,,,,,,,2,1.7501,1.6952,0.0549,,,,,,,,,,
,,,,,,,,,,,,,,,,,,,,,,,,,,,,
,,,,,,,,,,,,,,,,,,,,,,,,,,,,
,,,,,,,,,,,,,,,2,1.7076,1.6701,0.0375,,,,,,,,,,